quantity,code_label,prefactor_c,exponent,intercept_log2,n_points,x_min,x_max,r2,fit_rule
complement_proxy,I_epsilon,3.2998670137713,1.8532509041133531,1.7224078843381831,19,0.08333333333333333,0.25,0.9996779909774105,x <= 0.25 and value_bits > 1e-14
complement_proxy,I_sigma,1.1567341718337594,0.2873606494339479,0.21005735792791258,19,0.08333333333333333,0.25,0.9997804557176633,x <= 0.25 and value_bits > 1e-14
mutual_information_XR,I_epsilon,4.43312895573032,1.9700706588813213,2.148325329813504,19,0.08333333333333333,0.25,0.999976804765472,x <= 0.25 and value_bits > 1e-14
mutual_information_XR,I_sigma,1.2143310571908184,0.3066793441739465,0.2801617901740355,19,0.08333333333333333,0.25,0.9999603382424546,x <= 0.25 and value_bits > 1e-14
small_avg_relent_X,I_epsilon,6.317025600220398,3.641707153735151,2.659245418860108,19,0.08333333333333333,0.25,0.9990705861741566,x <= 0.25 and value_bits > 1e-14
small_avg_relent_X,I_sigma,0.3097498431443619,2.0131014252452366,-1.690824543094233,19,0.08333333333333333,0.25,0.9999784847568809,x <= 0.25 and value_bits > 1e-14
